{
  "status": "success",
  "message": "",
  "payload": {
    "dataSource":[
      {"conn_name": "mysql_northwind"},
      {"conn_name": "mysql_daf"},
      {"conn_name": "oracle_dmc"},
      {"conn_name": "teradata_icdw"}
    ],
    "dataModelType": [
      {"name" : "Flatten"},
      {"name" : "Star Schema"}
    ],
      "databaseSource": [
        {"name": "Oracle"},
        {"name": "MySQL"},
        {"name": "Teradata"},
        {"name": "Sybase"},
        {"name": "Microsoft SQL Server"},
        {"name": "Microsoft SQL Server 2005"},
        {"name": "DB2"}
      ],
       "databaseTarget": [
        {"name": "Cassandra"},
        {"name": "Hive"},
        {"name": "MongoDB"}
      ]
    }
 }

