[
{
    "table": "employees",
    "ddl": "create table EMPLOYEES(\n     employeeid int\n    ,lastname varchar(20)\n    ,firstname varchar(10)\n    ,title varchar(30)\n    ,titleofcourtesy varchar(25)\n    ,birthdate datetime\n    ,hiredate datetime\n    ,address varchar(60)\n    ,city varchar(15)\n    ,region varchar(15)\n    ,postalcode varchar(10)\n    ,country varchar(15)\n    ,homephone varchar(24)\n    ,extension varchar(4)\n    ,photo longblob\n    ,notes mediumtext\n    ,reportsto int\n    ,photopath varchar(255)\n    ,salary float\n    ,territoryid varchar(20)\n    ,territorydescription varchar(50)\n    ,regionid int\n    ,regiondescription varchar(50)\n); \n",
    "dml": "insert into table EMPLOYEES\nselect employees.employeeid\n      ,employees.lastname\n      ,employees.firstname\n      ,employees.title\n      ,employees.titleofcourtesy\n      ,employees.birthdate\n      ,employees.hiredate\n      ,employees.address\n      ,employees.city\n      ,employees.region\n      ,employees.postalcode\n      ,employees.country\n      ,employees.homephone\n      ,employees.extension\n      ,employees.photo\n      ,employees.notes\n      ,employees.reportsto\n      ,employees.photopath\n      ,employees.salary\n      ,employeeterritories.territoryid\n      ,territories.territorydescription\n      ,territories.regionid\n      ,region.regiondescription\nfrom  northwind.employees, northwind.employeeterritories, northwind.territories, northwind.region\nwhere employeeterritories.employeeid = employees.employeeid\nand   employeeterritories.territoryid = territories.territoryid\nand   territories.regionid = region.regionid; \n \n",
    "fields": [
      {
        "size": 0,
        "column_type": "int",
        "column_name": "employeeid"
      },
      {
        "size": "20",
        "column_type": "varchar",
        "column_name": "lastname"
      },
      {
        "size": "10",
        "column_type": "varchar",
        "column_name": "firstname"
      },
      {
        "size": "30",
        "column_type": "varchar",
        "column_name": "title"
      },
      {
        "size": "25",
        "column_type": "varchar",
        "column_name": "titleofcourtesy"
      },
      {
        "size": 0,
        "column_type": "datetime",
        "column_name": "birthdate"
      },
      {
        "size": 0,
        "column_type": "datetime",
        "column_name": "hiredate"
      },
      {
        "size": "60",
        "column_type": "varchar",
        "column_name": "address"
      },
      {
        "size": "15",
        "column_type": "varchar",
        "column_name": "city"
      },
      {
        "size": "15",
        "column_type": "varchar",
        "column_name": "region"
      },
      {
        "size": "10",
        "column_type": "varchar",
        "column_name": "postalcode"
      },
      {
        "size": "15",
        "column_type": "varchar",
        "column_name": "country"
      },
      {
        "size": "24",
        "column_type": "varchar",
        "column_name": "homephone"
      },
      {
        "size": "4",
        "column_type": "varchar",
        "column_name": "extension"
      },
      {
        "size": 0,
        "column_type": "longblob",
        "column_name": "photo"
      },
      {
        "size": 0,
        "column_type": "mediumtext",
        "column_name": "notes"
      },
      {
        "size": 0,
        "column_type": "int",
        "column_name": "reportsto"
      },
      {
        "size": "255",
        "column_type": "varchar",
        "column_name": "photopath"
      },
      {
        "size": 0,
        "column_type": "float",
        "column_name": "salary"
      },
      {
        "size": "20",
        "column_type": "varchar",
        "column_name": "territoryid"
      },
      {
        "size": "50",
        "column_type": "varchar",
        "column_name": "territorydescription"
      },
      {
        "size": 0,
        "column_type": "int",
        "column_name": "regionid"
      },
      {
        "size": "50",
        "column_type": "varchar",
        "column_name": "regiondescription"
      }
    ]

  },
  {

    "table": "customers",
    "ddl": "create table CUSTOMERS(\n     customerid varchar(5)\n    ,companyname varchar(40)\n    ,contactname varchar(30)\n    ,contacttitle varchar(30)\n    ,address varchar(60)\n    ,city varchar(15)\n    ,region varchar(15)\n    ,postalcode varchar(10)\n    ,country varchar(15)\n    ,phone varchar(24)\n    ,fax varchar(24)\n    ,customertypeid varchar(10)\n    ,customerdesc mediumtext\n); \n",
    "dml": "insert into table CUSTOMERS\nselect customers.customerid\n      ,customers.companyname\n      ,customers.contactname\n      ,customers.contacttitle\n      ,customers.address\n      ,customers.city\n      ,customers.region\n      ,customers.postalcode\n      ,customers.country\n      ,customers.phone\n      ,customers.fax\n      ,customercustomerdemo.customertypeid\n      ,customerdemographics.customerdesc\nfrom  northwind.customers, northwind.customercustomerdemo, northwind.customerdemographics\nwhere customercustomerdemo.customerid = customers.customerid\nand   customercustomerdemo.customertypeid = customerdemographics.customertypeid; \n \n",
    "fields": [
      {
        "size": "5",
        "column_type": "varchar",
        "column_name": "customerid"
      },
      {
        "size": "40",
        "column_type": "varchar",
        "column_name": "companyname"
      },
      {
        "size": "30",
        "column_type": "varchar",
        "column_name": "contactname"
      },
      {
        "size": "30",
        "column_type": "varchar",
        "column_name": "contacttitle"
      },
      {
        "size": "60",
        "column_type": "varchar",
        "column_name": "address"
      },
      {
        "size": "15",
        "column_type": "varchar",
        "column_name": "city"
      },
      {
        "size": "15",
        "column_type": "varchar",
        "column_name": "region"
      },
      {
        "size": "10",
        "column_type": "varchar",
        "column_name": "postalcode"
      },
      {
        "size": "15",
        "column_type": "varchar",
        "column_name": "country"
      },
      {
        "size": "24",
        "column_type": "varchar",
        "column_name": "phone"
      },
      {
        "size": "24",
        "column_type": "varchar",
        "column_name": "fax"
      },
      {
        "size": "10",
        "column_type": "varchar",
        "column_name": "customertypeid"
      },
      {
        "size": 0,
        "column_type": "mediumtext",
        "column_name": "customerdesc"
      }
    ]

  },
  {

    "table": "orders",
    "ddl": "create table ORDERS(\n     orderid int\n    ,customerid varchar(5)\n    ,employeeid int\n    ,orderdate datetime\n    ,requireddate datetime\n    ,shippeddate datetime\n    ,shipvia int\n    ,freight decimal(10,4)\n    ,shipname varchar(40)\n    ,shipaddress varchar(60)\n    ,shipcity varchar(15)\n    ,shipregion varchar(15)\n    ,shippostalcode varchar(10)\n    ,shipcountry varchar(15)\n    ,shipperid int\n    ,companyname varchar(40)\n    ,phone varchar(24)\n    ,productid int\n    ,unitprice decimal(10,4)\n    ,quantity smallint\n    ,discount double(8,0)\n    ,productname varchar(40)\n    ,supplierid int\n    ,categoryid int\n    ,quantityperunit varchar(20)\n    ,products_unitprice decimal(10,4)\n    ,unitsinstock smallint\n    ,unitsonorder smallint\n    ,reorderlevel smallint\n    ,discontinued bit\n    ,suppliers_companyname varchar(40)\n    ,contactname varchar(30)\n    ,contacttitle varchar(30)\n    ,address varchar(60)\n    ,city varchar(15)\n    ,region varchar(15)\n    ,postalcode varchar(10)\n    ,country varchar(15)\n    ,suppliers_phone varchar(24)\n    ,fax varchar(24)\n    ,homepage mediumtext\n    ,categoryname varchar(15)\n    ,description mediumtext\n    ,picture longblob\n); \n",
    "dml": "insert into table ORDERS\nselect orders.orderid\n      ,orders.customerid\n      ,orders.employeeid\n      ,orders.orderdate\n      ,orders.requireddate\n      ,orders.shippeddate\n      ,orders.shipvia\n      ,orders.freight\n      ,orders.shipname\n      ,orders.shipaddress\n      ,orders.shipcity\n      ,orders.shipregion\n      ,orders.shippostalcode\n      ,orders.shipcountry\n      ,shippers.shipperid\n      ,shippers.companyname\n      ,shippers.phone\n      ,orderdetails.productid\n      ,orderdetails.unitprice\n      ,orderdetails.quantity\n      ,orderdetails.discount\n      ,products.productname\n      ,products.supplierid\n      ,products.categoryid\n      ,products.quantityperunit\n      ,products.unitprice\n      ,products.unitsinstock\n      ,products.unitsonorder\n      ,products.reorderlevel\n      ,products.discontinued\n      ,suppliers.companyname\n      ,suppliers.contactname\n      ,suppliers.contacttitle\n      ,suppliers.address\n      ,suppliers.city\n      ,suppliers.region\n      ,suppliers.postalcode\n      ,suppliers.country\n      ,suppliers.phone\n      ,suppliers.fax\n      ,suppliers.homepage\n      ,categories.categoryname\n      ,categories.description\n      ,categories.picture\nfrom  northwind.orders, northwind.shippers, northwind.orderdetails, northwind.products, northwind.suppliers, northwind.categories\nwhere orders.shipvia = shippers.shipperid\nand   orderdetails.orderid = orders.orderid\nand   orderdetails.productid = products.productid\nand   products.supplierid = suppliers.supplierid\nand   products.categoryid = categories.categoryid; \n \n",
    "fields": [
      {
        "size": 0,
        "column_type": "int",
        "column_name": "orderid"
      },
      {
        "size": "5",
        "column_type": "varchar",
        "column_name": "customerid"
      },
      {
        "size": 0,
        "column_type": "int",
        "column_name": "employeeid"
      },
      {
        "size": 0,
        "column_type": "datetime",
        "column_name": "orderdate"
      },
      {
        "size": 0,
        "column_type": "datetime",
        "column_name": "requireddate"
      },
      {
        "size": 0,
        "column_type": "datetime",
        "column_name": "shippeddate"
      },
      {
        "size": 0,
        "column_type": "int",
        "column_name": "shipvia"
      },
      {
        "size": "10,4",
        "column_type": "decimal",
        "column_name": "freight"
      },
      {
        "size": "40",
        "column_type": "varchar",
        "column_name": "shipname"
      },
      {
        "size": "60",
        "column_type": "varchar",
        "column_name": "shipaddress"
      },
      {
        "size": "15",
        "column_type": "varchar",
        "column_name": "shipcity"
      },
      {
        "size": "15",
        "column_type": "varchar",
        "column_name": "shipregion"
      },
      {
        "size": "10",
        "column_type": "varchar",
        "column_name": "shippostalcode"
      },
      {
        "size": "15",
        "column_type": "varchar",
        "column_name": "shipcountry"
      },
      {
        "size": 0,
        "column_type": "int",
        "column_name": "shipperid"
      },
      {
        "size": "40",
        "column_type": "varchar",
        "column_name": "companyname"
      },
      {
        "size": "24",
        "column_type": "varchar",
        "column_name": "phone"
      },
      {
        "size": 0,
        "column_type": "int",
        "column_name": "productid"
      },
      {
        "size": "10,4",
        "column_type": "decimal",
        "column_name": "unitprice"
      },
      {
        "size": 0,
        "column_type": "smallint",
        "column_name": "quantity"
      },
      {
        "size": "8,0",
        "column_type": "double",
        "column_name": "discount"
      },
      {
        "size": "40",
        "column_type": "varchar",
        "column_name": "productname"
      },
      {
        "size": 0,
        "column_type": "int",
        "column_name": "supplierid"
      },
      {
        "size": 0,
        "column_type": "int",
        "column_name": "categoryid"
      },
      {
        "size": "20",
        "column_type": "varchar",
        "column_name": "quantityperunit"
      },
      {
        "size": "10,4",
        "column_type": "decimal",
        "column_name": "products_unitprice"
      },
      {
        "size": 0,
        "column_type": "smallint",
        "column_name": "unitsinstock"
      },
      {
        "size": 0,
        "column_type": "smallint",
        "column_name": "unitsonorder"
      },
      {
        "size": 0,
        "column_type": "smallint",
        "column_name": "reorderlevel"
      },
      {
        "size": 0,
        "column_type": "bit",
        "column_name": "discontinued"
      },
      {
        "size": "40",
        "column_type": "varchar",
        "column_name": "suppliers_companyname"
      },
      {
        "size": "30",
        "column_type": "varchar",
        "column_name": "contactname"
      },
      {
        "size": "30",
        "column_type": "varchar",
        "column_name": "contacttitle"
      },
      {
        "size": "60",
        "column_type": "varchar",
        "column_name": "address"
      },
      {
        "size": "15",
        "column_type": "varchar",
        "column_name": "city"
      },
      {
        "size": "15",
        "column_type": "varchar",
        "column_name": "region"
      },
      {
        "size": "10",
        "column_type": "varchar",
        "column_name": "postalcode"
      },
      {
        "size": "15",
        "column_type": "varchar",
        "column_name": "country"
      },
      {
        "size": "24",
        "column_type": "varchar",
        "column_name": "suppliers_phone"
      },
      {
        "size": "24",
        "column_type": "varchar",
        "column_name": "fax"
      },
      {
        "size": 0,
        "column_type": "mediumtext",
        "column_name": "homepage"
      },
      {
        "size": "15",
        "column_type": "varchar",
        "column_name": "categoryname"
      },
      {
        "size": 0,
        "column_type": "mediumtext",
        "column_name": "description"
      },
      {
        "size": 0,
        "column_type": "longblob",
        "column_name": "picture"
      }
    ]

  }
]
