[
  {
    "name": "Employees",
    "columns": [
      {
        "name": "EmployeeID",
        "type": "int",
        "size": 11,
        "primaryKey": "true",
        "required": "true"
      },
      {
        "name": "LastName",
        "type": "varchar",
        "size": 20
      },
      {
        "name": "FirstName",
        "type": "varchar",
        "size": 10
      },
      {
        "name": "Title",
        "type": "varchar",
        "size": 30
      },
      {
        "name": "TitleOfCourtesy",
        "type": "varchar",
        "size": 25
      },
      {
        "name": "BirthDate",
        "type": "datetime"
      },
      {
        "name": "HireDate",
        "type": "datetime"
      },
      {
        "name": "Address",
        "type": "varchar",
        "size": 60
      },
      {
        "name": "City",
        "type": "varchar",
        "size": 15
      },
      {
        "name": "Region",
        "type": "varchar",
        "size": 15
      },
      {
        "name": "PostalCode",
        "type": "varchar",
        "size": 10
      },
      {
        "name": "Country",
        "type": "varchar",
        "size": 15
      },
      {
        "name": "HomePhone",
        "type": "varchar",
        "size": 24
      },
      {
        "name": "Extension",
        "type": "varchar",
        "size": 4
      },
      {
        "name": "Photo",
        "type": "longblob"
      },
      {
        "name": "Notes",
        "type": "mediumtext"
      },
      {
        "name": "ReportsTo",
        "type": "varchar",
        "size": 11
      },
      {
        "name": "PhotoPath",
        "type": "varchar",
        "size": 255
      },
      {
        "name": "Salary",
        "type": "float"
      }
    ],
    "children": [
      {
        "name": "Orders",
        "columns": [
          {
            "name": "OrderID",
            "type": "int",
            "size": 5,
            "primaryKey": "true",
            "required": "true"
          },
          {
            "name": "CustomerID",
            "type": "varchar",
            "size": 5
          },
          {
            "name": "EmployeeID",
            "type": "int",
            "size": 11
          },
          {
            "name": "OrderDate",
            "type": "datetime"
          },
          {
            "name": "RequiredDate",
            "type": "datetime"
          },
          {
            "name": "ShippedDate",
            "type": "datetime"
          },
          {
            "name": "ShipVia",
            "type": "varchar",
            "size": 40
          },
          {
            "name": "Freight",
            "type": "decimal",
            "size": "10,4"
          },
          {
            "name": "ShipName",
            "type": "varchar",
            "size": 40
          },
          {
            "name": "ShipAddress",
            "type": "varchar",
            "size": 60
          },
          {
            "name": "ShipCity",
            "type": "varchar",
            "size": 15
          },
          {
            "name": "ShipRegion",
            "type": "varchar",
            "size": 15
          },
          {
            "name": "ShipPostalCode",
            "type": "varchar",
            "size": 10
          },
          {
            "name": "ShipCountry",
            "type": "varchar",
            "size": 15
          }
        ],
        "children": [
          {
            "name": "OrderDetails",
            "columns": [
              {
                "name": "OrderID",
                "type": "int",
                "size": 11,
                "primaryKey": "true",
                "required": "true"
              },
              {
                "name": "ProductID",
                "type": "int",
                "size": 11
              },
              {
                "name": "UnitPrice",
                "type": "decimal",
                "size": "10,4"
              },
              {
                "name": "Quantity",
                "type": "smallint",
                "size": 2
              },
              {
                "name": "Discount",
                "type": "double",
                "size": "8,0"
              }
            ],
            "children": [
              {
                "name": "Products",
                "columns": [
                  {
                    "name": "ProductID",
                    "type": "int",
                    "size": 11,
                    "primaryKey": "true",
                    "required": "true"
                  },
                  {
                    "name": "ProductName",
                    "type": "varchar",
                    "size": 40
                  },
                  {
                    "name": "SupplierID",
                    "type": "int",
                    "size": 11
                  },
                  {
                    "name": "CategoryID",
                    "type": "int",
                    "size": 11
                  },
                  {
                    "name": "QuantityPerUnit",
                    "type": "varchar",
                    "size": 20
                  },
                  {
                    "name": "UnitPrice",
                    "type": "decimal",
                    "size": "10,4"
                  },
                  {
                    "name": "UnitsInStock",
                    "type": "smallint",
                    "size": 2
                  },
                  {
                    "name": "UnitsOnOrder",
                    "type": "smallint",
                    "size": 2
                  },
                  {
                    "name": "ReorderLevel",
                    "type": "smallint",
                    "size": 2
                  },
                  {
                    "name": "Discontinued",
                    "type": "bit",
                    "size": 1
                  }
                ],
                "children": [
                  {
                    "name": "Suppliers",
                    "columns": [
                      {
                        "name": "SupplierID",
                        "type": "int",
                        "size": 11,
                        "primaryKey": "true",
                        "required": "true"
                      },
                      {
                        "name": "CompanyName",
                        "type": "varchar",
                        "size": 40
                      },
                      {
                        "name": "ContactName",
                        "type": "varchar",
                        "size": 30
                      },
                      {
                        "name": "ContactTitle",
                        "type": "varchar",
                        "size": 30
                      },
                      {
                        "name": "Address",
                        "type": "varchar",
                        "size": 60
                      },
                      {
                        "name": "City",
                        "type": "varchar",
                        "size": 15
                      },
                      {
                        "name": "Region",
                        "type": "varchar",
                        "size": 15
                      },
                      {
                        "name": "PostalCode",
                        "type": "varchar",
                        "size": 10
                      },
                      {
                        "name": "Country",
                        "type": "varchar",
                        "size": 15
                      },
                      {
                        "name": "Phone",
                        "type": "varchar",
                        "size": 24
                      },
                      {
                        "name": "Fax",
                        "type": "varchar",
                        "size": 24
                      },
                      {
                        "name": "HomePage",
                        "type": "mediumtext"
                      }
                    ]
                  },
                  {
                    "name": "CustomerDemo",
                    "columns": [
                      {
                        "name": "SupplierID",
                        "type": "int",
                        "size": 11,
                        "primaryKey": "true",
                        "required": "true"
                      },
                      {
                        "name": "CompanyName",
                        "type": "varchar",
                        "size": 40
                      },
                      {
                        "name": "ContactName",
                        "type": "varchar",
                        "size": 30
                      },
                      {
                        "name": "ContactTitle",
                        "type": "varchar",
                        "size": 30
                      },
                      {
                        "name": "Address",
                        "type": "varchar",
                        "size": 60
                      },
                      {
                        "name": "City",
                        "type": "varchar",
                        "size": 15
                      },
                      {
                        "name": "Region",
                        "type": "varchar",
                        "size": 15
                      },
                      {
                        "name": "PostalCode",
                        "type": "varchar",
                        "size": 10
                      },
                      {
                        "name": "Country",
                        "type": "varchar",
                        "size": 15
                      },
                      {
                        "name": "Phone",
                        "type": "varchar",
                        "size": 24
                      },
                      {
                        "name": "Fax",
                        "type": "varchar",
                        "size": 24
                      },
                      {
                        "name": "HomePage",
                        "type": "mediumtext"
                      }
                    ]
                  }
                ]
              }
            ]
          },
          {
            "name": "Customers",
            "columns": [
              {
                "name": "OrderID",
                "type": "int",
                "size": 5,
                "primaryKey": "true",
                "required": "true"
              },
              {
                "name": "CustomerID",
                "type": "varchar",
                "size": 5
              },
              {
                "name": "EmployeeID",
                "type": "int",
                "size": 11
              },
              {
                "name": "OrderDate",
                "type": "datetime"
              },
              {
                "name": "RequiredDate",
                "type": "datetime"
              },
              {
                "name": "ShippedDate",
                "type": "datetime"
              },
              {
                "name": "ShipVia",
                "type": "varchar",
                "size": 40
              },
              {
                "name": "Freight",
                "type": "decimal",
                "size": "10,4"
              },
              {
                "name": "ShipName",
                "type": "varchar",
                "size": 40
              },
              {
                "name": "ShipAddress",
                "type": "varchar",
                "size": 60
              },
              {
                "name": "ShipCity",
                "type": "varchar",
                "size": 15
              },
              {
                "name": "ShipRegion",
                "type": "varchar",
                "size": 15
              },
              {
                "name": "PostalCode",
                "type": "varchar",
                "size": 10
              },
              {
                "name": "ShipCountry",
                "type": "varchar",
                "size": 15
              }
            ],
            "children": [
              {
                "name": "CustomerDemo",
                "columns": [
                  {
                    "name": "SupplierID",
                    "type": "int",
                    "size": 11,
                    "primaryKey": "true",
                    "required": "true"
                  },
                  {
                    "name": "CompanyName",
                    "type": "varchar",
                    "size": 40
                  },
                  {
                    "name": "ContactName",
                    "type": "varchar",
                    "size": 30
                  },
                  {
                    "name": "ContactTitle",
                    "type": "varchar",
                    "size": 30
                  },
                  {
                    "name": "Address",
                    "type": "varchar",
                    "size": 60
                  },
                  {
                    "name": "City",
                    "type": "varchar",
                    "size": 15
                  },
                  {
                    "name": "Region",
                    "type": "varchar",
                    "size": 15
                  },
                  {
                    "name": "PostalCode",
                    "type": "varchar",
                    "size": 10
                  },
                  {
                    "name": "Country",
                    "type": "varchar",
                    "size": 15
                  },
                  {
                    "name": "Phone",
                    "type": "varchar",
                    "size": 24
                  },
                  {
                    "name": "Fax",
                    "type": "varchar",
                    "size": 24
                  },
                  {
                    "name": "HomePage",
                    "type": "mediumtext"
                  }
                ],
                "children": [
                  {
                    "name": "Demographics",
                    "columns": [
                      {
                        "name": "CategoryID",
                        "type": "int",
                        "size": 11,
                        "primaryKey": "true",
                        "required": "true"
                      },
                      {
                        "name": "CategoryName",
                        "type": "varchar",
                        "size": 15
                      },
                      {
                        "name": "Description",
                        "type": "mediumtext"
                      },
                      {
                        "name": "Picture",
                        "type": "longblob"
                      }
                    ]
                  }
                ]
              }
            ]
          }
        ]
      },
      {
        "name": "EmployeeTerritories",
        "columns": [
          {
            "name": "EmployeeID",
            "type": "int",
            "size": 11,
            "primaryKey": "true",
            "required": "true"
          },
          {
            "name": "TerritoryID",
            "type": "varchar",
            "size": 20,
            "primaryKey": "true",
            "required": "true"
          }
        ],
        "children": [
          {
            "name": "Territories",
            "columns": [
              {
                "name": "TerritoryID",
                "type": "varchar",
                "size": 20,
                "primaryKey": "true",
                "required": "true"
              },
              {
                "name": "Description",
                "type": "varchar",
                "size": 50
              },
              {
                "name": "RegionID",
                "type": "int",
                "size": 11
              }
            ],
            "children": [
              {
                "name": "Region",
                "columns": [
                  {
                    "name": "RegionID",
                    "type": "int",
                    "size": 11,
                    "primaryKey": "true",
                    "required": "true"
                  },
                  {
                    "name": "RegionDescription",
                    "type": "varchar",
                    "size": 50
                  }
                ]
              }
            ]
          }
        ]
      }
    ]
  }
]
